-- phpMyAdmin SQL Dump
-- version 5.2.0
-- https://www.phpmyadmin.net/
--
-- Host: 127.0.0.1
-- Generation Time: Jul 31, 2022 at 06:57 PM
-- Server version: 10.4.24-MariaDB
-- PHP Version: 7.4.29

SET SQL_MODE = "NO_AUTO_VALUE_ON_ZERO";
START TRANSACTION;
SET time_zone = "+00:00";


/*!40101 SET @OLD_CHARACTER_SET_CLIENT=@@CHARACTER_SET_CLIENT */;
/*!40101 SET @OLD_CHARACTER_SET_RESULTS=@@CHARACTER_SET_RESULTS */;
/*!40101 SET @OLD_COLLATION_CONNECTION=@@COLLATION_CONNECTION */;
/*!40101 SET NAMES utf8mb4 */;

--
-- Database: `faobd`
--

-- --------------------------------------------------------

--
-- Table structure for table `case_of_animal_diseases`
--

CREATE TABLE `case_of_animal_diseases` (
  `uuid` varchar(100) NOT NULL,
  `datetime` timestamp NULL DEFAULT NULL,
  `species` varchar(50) DEFAULT NULL,
  `number_morbidity` int(10) NOT NULL DEFAULT 0,
  `disease_id` int(10) NOT NULL DEFAULT 0,
  `number_mortality` int(10) NOT NULL DEFAULT 0,
  `total_number_cases` int(20) NOT NULL DEFAULT 0,
  `location` varchar(250) DEFAULT NULL
) ENGINE=InnoDB DEFAULT CHARSET=utf8mb4;

--
-- Dumping data for table `case_of_animal_diseases`
--

INSERT INTO `case_of_animal_diseases` (`uuid`, `datetime`, `species`, `number_morbidity`, `disease_id`, `number_mortality`, `total_number_cases`, `location`) VALUES
('05a170b6-0bc4-41e6-9dd9-b9b30313b2d8', '2021-05-05 09:38:28', 'pig', 5, 5, 5, 5, 'Village 3'),
('72a5399d-a035-4324-9f47-feb2bb1eb4a0', '2021-05-03 06:11:10', 'cat', 2, 4, 4, 2, 'Village 3'),
('2ad7d909-2792-4851-a932-7ad37cd8c64c', '2021-05-11 09:06:53', 'chicken', 5, 9, 9, 7, 'Village 2'),
('713f6f60-35b1-4edb-8b09-2453aad44278', '2021-05-07 09:36:44', 'dog', 4, 3, 3, 4, 'Health Centre B'),
('f22dfebf-cd72-4e3e-beab-58c93aad82d9', '2021-05-11 10:06:43', 'sheep', 1, 3, 3, 3, 'Village 3'),
('baa67d98-ddc7-4545-8739-59fb7489331f', '2021-05-04 05:55:50', 'cat', 1, 7, 7, 1, 'Village 1'),
('bbef2885-b326-49dd-b449-c088ac86c469', '2021-05-01 05:08:30', 'dog', 2, 0, 0, 7, 'Health Centre A'),
('e8e29406-1445-4b95-9e9a-afbfc9b0df03', '2021-05-07 11:54:56', 'sheep', 4, 3, 3, 6, 'Village 3'),
('6301292b-46f1-44ea-b0f1-7116faf9140f', '2021-04-28 03:11:29', 'cat', 1, 6, 6, 1, 'Village 3'),
('08440197-3102-4a18-818e-4a4b73e21310', '2021-05-01 10:24:02', 'pig', 5, 7, 7, 7, 'Health Centre B'),
('cdfc1b84-0d78-44cf-9726-e68dc576410e', '2021-05-11 04:55:30', 'buffalo', 4, 1, 1, 4, 'Village 3'),
('61a53b29-6c28-4793-bbce-825067514e22', '2021-05-11 05:01:23', 'dog', 4, 5, 5, 9, 'Village 3'),
('40f88af6-931d-4877-85d9-cd5dcc6a0926', '2021-05-06 09:37:33', 'pig', 6, 6, 6, 8, 'Health Centre A'),
('d1a8b8bf-44fb-4eac-ad20-db27111f5a7e', '2021-05-01 06:05:36', 'pig', 6, 5, 5, 11, 'Village 3'),
('f5ddb2f9-19eb-4613-8623-cdc2fd75fa3e', '2021-05-01 09:49:26', 'sheep', 2, 0, 0, 2, 'Village 2'),
('8a4fadc5-6855-4fcb-8c6a-de0f983bdfa5', '2021-05-04 12:10:33', 'dog', 3, 2, 2, 7, 'Health Centre A'),
('62f1031e-7da7-4cea-9b63-a1971f6ac32a', '2021-05-08 03:51:27', 'buffalo', 3, 7, 7, 4, 'Village 2'),
('85aa86cc-430e-4c83-9653-d47ee48413f7', '2021-05-01 07:03:21', 'chicken', 5, 5, 5, 7, 'Village 3'),
('3f13e312-8ced-4bdb-b309-43a4c21fa5b7', '2021-04-30 05:58:47', 'pig', 6, 3, 3, 9, 'Village 2'),
('62fb7022-6ed3-4601-a0d8-d2c9ea1ac57c', '2021-05-08 12:41:40', 'cat', 6, 9, 9, 7, 'Village 2'),
('c5d180d7-08ba-48d8-a96b-01931d14ff3e', '2021-04-27 09:41:54', 'sheep', 4, 3, 3, 5, 'Village 2'),
('8435b592-2dd9-4102-bfcc-ed5e505fc418', '2021-05-05 11:17:17', 'buffalo', 3, 0, 0, 3, 'Village 3'),
('8d3012df-5eda-4c56-8d43-b17cfddeebcb', '2021-04-28 04:44:11', 'chicken', 3, 1, 1, 3, 'Village 3'),
('f5ed5135-b584-42ae-9217-bce47b3f320a', '2021-05-11 09:17:29', 'cat', 6, 1, 1, 9, 'Village 2'),
('432214fd-d7c8-4540-b458-8f96d853eaf4', '2021-04-30 04:01:10', 'dog', 6, 6, 6, 9, 'Village 1'),
('6983542f-5cea-44ed-a37e-d8877820ca6c', '2021-05-06 11:47:30', 'buffalo', 3, 9, 9, 7, 'Health Centre B'),
('d9e1e28b-05db-4d90-8531-8611c1d02f48', '2021-05-01 03:45:12', 'cat', 3, 5, 5, 4, 'Village 2'),
('861b5c65-6129-4b69-b948-503c590ab10a', '2021-05-07 07:18:12', 'dog', 2, 5, 5, 2, 'Village 1'),
('157c8ec4-8bea-424c-8ddc-09570e057198', '2021-04-27 04:14:11', 'sheep', 3, 4, 4, 5, 'Village 1'),
('b8c7cc2e-bf6b-4a6c-8f8e-946be8d7e8a1', '2021-05-03 07:04:11', 'dog', 4, 1, 1, 9, 'Health Centre B'),
('8a7d32cb-3f5d-415f-8f98-f54392005c0b', '2021-05-05 11:27:53', 'pig', 4, 4, 4, 5, 'Health Centre A'),
('6c345ed4-2006-48ae-88f4-37abb57f679f', '2021-05-09 07:54:02', 'chicken', 5, 1, 1, 6, 'Village 3'),
('1be75581-fe0c-4efc-a90b-6db41cf90dc7', '2021-04-28 11:19:12', 'pig', 5, 0, 0, 6, 'Health Centre A'),
('5dfad94a-6a72-49f8-980c-b5751e60449c', '2021-05-01 08:07:34', 'cat', 2, 7, 7, 2, 'Health Centre A'),
('f825f7ec-03ce-44d7-a3e0-2feaec939e40', '2021-04-27 04:57:25', 'buffalo', 1, 1, 1, 1, 'Village 2'),
('a1b6039f-1312-4f9c-9943-c299441a5cf0', '2021-04-30 09:44:01', 'sheep', 4, 7, 7, 4, 'Health Centre B'),
('d874f16d-52ec-4f05-a27f-148b20289aa5', '2021-05-08 06:46:24', 'pig', 2, 3, 3, 6, 'Village 1'),
('2bebff3e-10e0-462c-bc9d-c2a783511c34', '2021-04-30 03:41:51', 'chicken', 1, 7, 7, 3, 'Health Centre A'),
('ec0e9474-c3ea-4030-9578-759750eb3e8f', '2021-04-30 11:28:03', 'buffalo', 2, 7, 7, 5, 'Village 2'),
('12847969-9f7a-44d4-b43e-d81a08bec1ff', '2021-05-07 12:32:13', 'pig', 4, 2, 2, 4, 'Village 1'),
('8b188c27-2c8f-4e6b-a9b6-083bb4698fb2', '2021-05-07 04:21:33', 'buffalo', 3, 7, 7, 3, 'Health Centre B'),
('9e789794-c883-4dda-b2e5-32fbc0602e69', '2021-05-06 08:23:56', 'chicken', 1, 8, 8, 1, 'Health Centre B'),
('604ee9ca-53de-48d1-b54a-31c3dcf04cfa', '2021-05-11 05:43:28', 'buffalo', 6, 2, 2, 9, 'Village 3'),
('ffb877e4-f67a-43f2-b375-1660c021146f', '2021-04-27 06:17:09', 'sheep', 2, 2, 2, 6, 'Village 3'),
('fa769153-e82c-40d6-b578-a0964847fb79', '2021-05-11 03:50:30', 'dog', 5, 2, 2, 5, 'Village 1'),
('6e6cb751-24b5-4ce3-9d45-05d4da0af053', '2021-05-01 08:24:32', 'sheep', 2, 3, 3, 5, 'Village 3'),
('755cce86-cb2d-4637-bb2c-7f98395edba7', '2021-05-04 04:53:14', 'sheep', 5, 7, 7, 10, 'Health Centre B'),
('34b86361-5b57-45d9-a8d4-0bf01b2f1f34', '2021-05-03 05:46:33', 'cat', 1, 4, 4, 1, 'Village 2'),
('4baa9405-3e8d-4aea-af05-40643375d266', '2021-04-27 08:19:22', 'buffalo', 5, 4, 4, 5, 'Health Centre A'),
('3ea65920-08eb-4af7-80be-1844b490292a', '2021-05-03 05:10:24', 'dog', 1, 3, 3, 3, 'Village 3'),
('0e97e1d5-72e4-4eb5-bc0f-6ad03930cb90', '2021-05-03 03:37:41', 'sheep', 1, 9, 9, 1, 'Village 3'),
('42dc62d6-4f12-48f5-9623-72c23a722408', '2021-04-30 11:12:22', 'dog', 5, 5, 5, 9, 'Village 2'),
('afba92d0-e60a-41cb-a754-8fef3786b107', '2021-05-06 04:55:00', 'sheep', 3, 1, 1, 3, 'Village 2'),
('02fcf424-b6e7-4c89-8cf7-e1aea31ceeda', '2021-05-07 09:31:57', 'sheep', 1, 6, 6, 5, 'Village 1'),
('abfb1109-f367-4aa1-97cd-27c197bff804', '2021-05-11 03:55:55', 'cat', 1, 5, 5, 2, 'Village 2'),
('33a0f9a5-c65d-49a8-a6d9-388ba126b93a', '2021-05-03 12:42:43', 'cat', 6, 0, 0, 9, 'Health Centre B'),
('ecd58141-60e8-4a6b-880f-d82ec15ba2de', '2021-05-10 04:31:52', 'dog', 5, 2, 2, 9, 'Health Centre B'),
('b4881330-8fa2-4bdd-9c3c-349809dafe30', '2021-05-03 11:19:00', 'dog', 2, 0, 0, 2, 'Village 1'),
('932e0739-05ee-46b5-ad1a-0fe2f9ddb6e8', '2021-05-09 09:24:19', 'dog', 5, 1, 1, 7, 'Village 1'),
('a64ae813-e7e4-4b76-b524-fe0c3a1e559a', '2021-04-29 06:20:47', 'sheep', 1, 5, 5, 3, 'Village 3'),
('aff63e5d-308f-4e3c-8c79-9ebf0b25b00a', '2021-04-30 11:26:47', 'buffalo', 5, 8, 8, 7, 'Health Centre B'),
('36132179-ebb9-40cc-8d5e-ff6560bd639e', '2021-04-30 03:45:50', 'buffalo', 4, 9, 9, 9, 'Village 1'),
('6ab1ec23-fbc5-4bf2-8ef7-ca7f90d95a88', '2021-04-30 11:26:30', 'dog', 4, 2, 2, 9, 'Village 1'),
('6003ce42-084c-48a6-a5da-5e3cef3ed191', '2021-05-09 07:19:50', 'pig', 1, 3, 3, 6, 'Village 1'),
('a79c93b3-7fdc-4428-9e91-efc272a27eef', '2021-04-29 12:29:56', 'cat', 4, 8, 8, 4, 'Village 3'),
('e4fa3e07-2f89-49d1-85e3-d9c5525f63de', '2021-05-06 03:19:15', 'pig', 2, 8, 8, 4, 'Village 3'),
('027329e3-14a2-48d3-8876-f6a88fabe8ba', '2021-04-27 10:00:01', 'cat', 3, 9, 9, 7, 'Health Centre A'),
('3344629f-dcc0-454b-904a-0bb254a94a04', '2021-05-10 04:05:52', 'cat', 4, 4, 4, 8, 'Health Centre B'),
('ab677652-bf1d-4e01-a578-f85a3444d3c7', '2021-05-11 04:16:16', 'sheep', 3, 3, 3, 6, 'Village 2'),
('07b765be-3264-41be-8535-4be29e5a61f5', '2021-05-07 07:26:54', 'pig', 5, 3, 3, 10, 'Health Centre A'),
('9234ee97-bff3-490f-8243-b836055e3c94', '2021-05-07 10:47:41', 'pig', 4, 0, 0, 4, 'Health Centre B'),
('ba690167-0567-4177-9762-867fa702df94', '2021-05-07 04:23:36', 'chicken', 4, 4, 4, 9, 'Village 1'),
('ea917135-77ac-4f00-a424-3d757bc5f058', '2021-05-06 10:24:34', 'chicken', 4, 8, 8, 5, 'Village 2'),
('d31fc041-3a16-441c-aac3-21adfdb8e06d', '2021-04-30 11:17:23', 'sheep', 2, 0, 0, 3, 'Village 3'),
('7e98f9f3-0639-465b-9ff0-e39631a6f63e', '2021-05-06 05:59:14', 'dog', 4, 1, 1, 6, 'Health Centre B'),
('c058c9a6-2841-4361-ab55-b15454a410a9', '2021-05-05 11:12:21', 'cat', 4, 4, 4, 5, 'Village 1'),
('7e6e6f07-a609-4209-a2ac-a0ed2b4c75f8', '2021-04-29 05:02:56', 'pig', 1, 2, 2, 1, 'Health Centre A'),
('caba8bd9-c209-4a50-87e4-3f5fc86864df', '2021-05-10 07:41:49', 'sheep', 4, 6, 6, 5, 'Village 3'),
('48b7592b-eaad-4720-9806-a50ac1123856', '2021-05-07 06:26:09', 'cat', 5, 5, 5, 7, 'Village 2'),
('4b05d989-e694-4b44-9f40-2ff1ff03d636', '2021-05-06 03:27:41', 'cat', 6, 5, 5, 9, 'Village 1'),
('191ac3a7-2ebe-4b82-b3c3-f070745f3521', '2021-04-30 05:43:01', 'pig', 1, 3, 3, 2, 'Village 3'),
('a7c27998-1641-4270-8066-69f58ca2a32a', '2021-05-05 11:47:26', 'sheep', 5, 6, 6, 5, 'Health Centre A'),
('8c5969ec-f9db-43a7-8686-21717b521b44', '2021-05-09 05:49:21', 'buffalo', 3, 2, 2, 7, 'Health Centre B'),
('c1c43d68-2be0-4e13-acca-308513410cb8', '2021-04-27 03:04:51', 'sheep', 5, 2, 2, 8, 'Village 2'),
('4f4c169a-b60e-49c1-b2c3-10e1bfbf911c', '2021-05-11 03:25:25', 'sheep', 3, 0, 0, 6, 'Village 2'),
('634004e8-f1eb-4203-b9f2-81218c26e7d2', '2021-04-30 03:27:21', 'pig', 5, 0, 0, 10, 'Village 2'),
('3f3032a5-0a13-4687-8026-739209700587', '2021-05-01 12:52:48', 'sheep', 6, 5, 5, 6, 'Village 1'),
('d3d39f76-020c-4313-8dd7-eb7976d9bdef', '2021-05-03 05:03:06', 'buffalo', 3, 5, 5, 6, 'Health Centre B'),
('68dc9599-1cb3-4442-aec8-f08f264e9993', '2021-04-29 11:25:44', 'cat', 5, 7, 7, 6, 'Village 3'),
('2e0cb649-e037-4334-a4d3-7cd7acb901ca', '2021-04-29 04:34:42', 'dog', 6, 9, 9, 10, 'Village 1'),
('ef597b33-2ca9-47d0-b297-dde1c139cf32', '2021-05-05 08:12:27', 'sheep', 4, 5, 5, 5, 'Health Centre B'),
('eca49a21-b79f-406f-9453-87e03a6629e6', '2021-05-07 09:30:21', 'chicken', 3, 3, 3, 4, 'Health Centre B'),
('87626b8a-64fd-4def-8225-32054d653c4f', '2021-05-07 10:12:20', 'pig', 6, 0, 0, 7, 'Health Centre B'),
('ae85a7ad-c76b-4737-b2e3-78f69bbb332c', '2021-04-30 07:23:46', 'dog', 3, 3, 3, 7, 'Village 1'),
('5ca45389-6329-4aae-8668-47656222e0da', '2021-05-07 08:36:05', 'dog', 6, 4, 4, 6, 'Village 1'),
('cc3f44cc-1e17-4026-bac9-3b75be7ab86a', '2021-05-04 09:40:59', 'buffalo', 3, 2, 2, 5, 'Village 2'),
('4c4f2d9a-8ffd-4109-a3f3-165b65e49864', '2021-04-27 12:53:13', 'pig', 1, 6, 6, 4, 'Health Centre B'),
('6592b04e-1238-4ff0-aadb-bd3cd07b1a1d', '2021-05-11 10:34:10', 'sheep', 2, 6, 6, 5, 'Village 1'),
('0f19701d-fcb6-41ff-9446-ecebf2d9feef', '2021-05-03 12:03:17', 'pig', 4, 0, 0, 4, 'Health Centre A'),
('a05b57b1-23d7-4ed2-85a2-6415baab17fc', '2021-05-11 12:32:37', 'chicken', 1, 5, 5, 2, 'Village 1'),
('ebb2f13c-de19-4caa-8cc5-11df0bb4b6dc', '2021-08-08 06:30:00', 'dog', 1, 6, 6, 5, 'Village 2'),
('d8ea154c-5813-465a-89c9-5b6e7d0a447a', '2021-12-29 03:49:28', 'sheep', 5, 3, 3, 6, 'Village 2'),
('6b75605d-1763-4701-89a1-cfa3baafd713', '2021-09-19 09:02:13', 'sheep', 2, 3, 3, 6, 'Village 2'),
('039cd69d-31d5-42a9-9e5e-9be37473c235', '2021-12-10 10:05:39', 'cat', 6, 8, 8, 10, 'Village 2'),
('871f5670-7771-49f5-a6a5-b6e6aa65102e', '2021-10-08 04:12:01', 'cat', 6, 9, 9, 10, 'Village 3'),
('3604d4c2-4b39-449b-a919-fb42ee49240f', '2021-07-11 08:42:00', 'sheep', 3, 1, 1, 6, 'Village 1'),
('edf649d8-5383-43fc-8287-f4891ea5a227', '2021-10-27 10:54:55', 'cat', 5, 9, 9, 6, 'Health Centre B'),
('225cc9e4-570e-48a0-a254-8944a676e16b', '2021-09-22 04:12:28', 'cat', 2, 1, 1, 4, 'Village 2'),
('2113a3bc-d3bb-451c-a09f-aeedd01a9a10', '2021-05-19 12:39:14', 'cat', 6, 1, 1, 10, 'Health Centre A'),
('ce76cbce-5f9d-4bf3-a4df-5b9e210ced32', '2021-08-27 07:53:21', 'chicken', 5, 5, 5, 10, 'Village 1'),
('390bf63e-7df4-4d00-8f21-c964a55da06e', '2022-01-29 04:08:13', 'dog', 6, 2, 2, 10, 'Village 1'),
('c6fe5b6d-dd96-4e85-acda-303e559e2a5a', '2021-11-12 12:32:37', 'chicken', 4, 7, 7, 8, 'Village 2'),
('205a2840-0397-4922-8429-b5ea54b0223a', '2021-04-15 07:21:54', 'sheep', 5, 6, 6, 6, 'Health Centre B'),
('a2a49dd7-b52f-4ecd-9b22-a5342ef9760d', '2022-02-20 07:18:48', 'cat', 3, 0, 0, 7, 'Village 2'),
('e917d048-f86f-402f-8540-3f1dbd0b5e37', '2021-11-15 10:25:39', 'pig', 6, 2, 2, 10, 'Health Centre A'),
('403937d5-dd55-4f6c-9d7a-d0c71eff470f', '2021-05-16 07:25:48', 'dog', 1, 9, 9, 4, 'Village 2'),
('73da701d-9142-4734-801f-783a6f5d5308', '2021-09-13 03:53:37', 'sheep', 3, 4, 4, 6, 'Health Centre A'),
('140cf831-c08c-48ad-9b43-9634f916fbba', '2021-04-25 09:58:27', 'dog', 3, 2, 2, 6, 'Village 3'),
('ae89693f-f1ee-4bc5-986b-0079f449e7b4', '2021-05-08 04:23:46', 'buffalo', 1, 5, 5, 2, 'Village 3'),
('95643397-dafa-4ef0-bcfe-f4a24d656e6c', '2021-08-29 04:40:27', 'dog', 4, 4, 4, 8, 'Village 2'),
('81798cde-9b82-432b-b676-ab91dc532e43', '2021-09-22 04:05:58', 'dog', 4, 9, 9, 9, 'Health Centre A'),
('eb76d730-ff9c-4c61-8108-8ae1ac53ed8c', '2021-07-24 12:40:45', 'sheep', 1, 7, 7, 4, 'Village 3'),
('e7ce8924-9973-4162-ab09-23da9e9ea267', '2021-08-22 10:01:17', 'chicken', 3, 3, 3, 3, 'Health Centre B'),
('c7d478d7-57ff-4283-b22f-eeb605f46d20', '2021-03-27 12:07:11', 'buffalo', 6, 3, 3, 11, 'Health Centre B'),
('515c254d-9f00-4898-b8a1-d4dc383cfc1f', '2021-09-03 09:33:19', 'chicken', 1, 4, 4, 1, 'Village 3'),
('09fbad34-7200-4e4d-9a19-972566817410', '2021-10-07 05:12:45', 'cat', 5, 9, 9, 7, 'Health Centre A'),
('2fc414b8-053e-4542-8e1e-e715dfb2d34e', '2021-12-20 11:38:35', 'chicken', 1, 6, 6, 5, 'Village 2'),
('ab8a642c-222d-49b0-a214-deeb2ad33318', '2021-09-19 05:47:27', 'pig', 4, 7, 7, 5, 'Village 2'),
('fde27015-2cec-47aa-9b8a-e34017203799', '2022-02-01 10:51:23', 'chicken', 6, 1, 1, 10, 'Village 2'),
('19a39dd2-8bec-4999-92c8-dc77ce41040a', '2021-10-10 06:04:22', 'buffalo', 3, 4, 4, 8, 'Village 1'),
('f2d0c85b-36f2-456b-9170-3db902541779', '2021-08-07 04:21:26', 'sheep', 4, 0, 0, 9, 'Village 3'),
('6c880eca-41c9-4490-bbd6-4c9c26485f46', '2021-12-24 12:16:55', 'pig', 6, 8, 8, 10, 'Health Centre A'),
('f701b7c8-a2d0-4832-a3ed-c94db2ebb76a', '2021-05-30 12:01:11', 'buffalo', 5, 8, 8, 5, 'Village 1'),
('0edf7ce3-06a2-4a3f-9380-306ee137732d', '2021-10-04 10:09:39', 'buffalo', 2, 1, 1, 7, 'Village 1'),
('1f419dcd-61af-4b95-a6ac-d192ac062c22', '2021-06-10 05:12:09', 'sheep', 3, 1, 1, 7, 'Health Centre A'),
('fdf67738-c2d2-49d7-ad40-08df7cb49d0f', '2022-02-16 09:03:20', 'buffalo', 1, 6, 6, 6, 'Village 1'),
('c66d6803-b5c2-4466-a594-4462603bfbee', '2021-11-25 12:33:43', 'buffalo', 4, 4, 4, 8, 'Health Centre B'),
('73bea095-007f-4028-a5b9-e5d18349e9aa', '2021-10-16 12:32:41', 'dog', 2, 4, 4, 4, 'Village 3'),
('ad966d1f-dd4c-431a-834e-70b865e35a92', '2021-07-27 11:53:24', 'pig', 2, 3, 3, 4, 'Health Centre B'),
('7138777e-e9c8-4595-9bba-dc69d67b9104', '2022-01-17 10:21:09', 'cat', 4, 8, 8, 6, 'Health Centre A'),
('c4f97405-8cb8-4382-9790-71fb78686df0', '2021-09-27 04:48:39', 'cat', 1, 4, 4, 3, 'Village 2'),
('ad6ea90b-6e94-45fa-9048-b7db4af725c6', '2021-10-02 07:54:16', 'buffalo', 1, 2, 2, 3, 'Village 3'),
('c9f52fbc-5306-4cdd-8fe8-00464d2f704c', '2021-09-19 08:27:50', 'sheep', 6, 7, 7, 9, 'Village 3'),
('bf5a9a32-9283-4ecc-bab5-2af80481e1b5', '2021-10-08 10:41:40', 'chicken', 3, 5, 5, 4, 'Village 2'),
('9c657c79-0236-4409-b11e-53c1b99aca13', '2021-07-18 07:54:16', 'pig', 1, 3, 3, 1, 'Village 1'),
('82393e39-99e9-4baa-bcf0-65135ca2e714', '2021-04-21 10:33:55', 'cat', 5, 2, 2, 9, 'Village 1'),
('81380ecb-df6e-4e6d-a9ec-045d12dd095d', '2022-01-18 06:00:24', 'dog', 1, 2, 2, 6, 'Village 1'),
('9224f6b0-24b3-4aa3-9d50-4670eb0efc78', '2021-10-04 11:16:57', 'dog', 2, 8, 8, 3, 'Health Centre B'),
('51685474-f98c-4743-a174-52f4f4070d99', '2022-01-29 04:01:37', 'sheep', 2, 4, 4, 7, 'Village 2'),
('eba84070-6367-4e33-b17c-d964d48e9dfc', '2021-07-10 10:49:33', 'cat', 3, 7, 7, 4, 'Health Centre A'),
('a530f94f-f757-4f80-a012-1447ba170055', '2021-09-10 06:46:03', 'buffalo', 4, 3, 3, 8, 'Village 3'),
('0856eb34-2c0f-43a3-9289-50910e6fcd43', '2021-05-12 03:55:23', 'dog', 3, 6, 6, 5, 'Village 2'),
('9e5f0862-79d5-4299-b703-1a4f7ec09bf3', '2021-08-25 07:15:44', 'sheep', 2, 7, 7, 7, 'Health Centre A'),
('961945fb-6a04-45b9-919d-b625a069b871', '2021-10-12 09:47:13', 'chicken', 5, 3, 3, 8, 'Village 3'),
('78296bfd-916f-46a7-97c7-6ff6e6878232', '2022-02-03 03:43:05', 'sheep', 4, 8, 8, 8, 'Village 3'),
('f4baadb1-1663-422a-856f-7e0b0f89706f', '2022-02-09 09:23:12', 'buffalo', 1, 9, 9, 1, 'Village 2'),
('3272ca53-c879-4981-9619-25cce9c03b07', '2022-01-30 05:38:23', 'dog', 3, 3, 3, 6, 'Village 3'),
('656ccdb4-c65c-41be-a6b1-fb293fbcc7ff', '2021-10-24 03:38:49', 'sheep', 5, 2, 2, 7, 'Village 2'),
('fc015249-26c6-4a30-9a99-bb7d2e017a51', '2021-12-31 08:46:30', 'buffalo', 3, 0, 0, 7, 'Village 2'),
('ed37769a-ce2d-4a52-8345-20843035638f', '2022-01-19 03:47:47', 'buffalo', 1, 5, 5, 2, 'Village 3'),
('d59598c4-8631-4938-9c57-1f7524102041', '2021-04-03 12:15:05', 'buffalo', 4, 5, 5, 7, 'Health Centre A'),
('e5725faa-7aee-4b88-a2f0-e905b993705e', '2021-04-19 06:40:17', 'buffalo', 6, 7, 7, 7, 'Village 2'),
('cf4c1dcc-83f5-411b-a4e3-da3a6a8e2391', '2021-07-03 12:40:50', 'pig', 3, 3, 3, 3, 'Village 3'),
('0f1fd0cf-700b-4f2d-8e90-5da73aafdc85', '2022-02-20 07:59:35', 'chicken', 6, 5, 5, 11, 'Health Centre B'),
('43e2860f-381c-4dfd-a352-225a6eb17ce7', '2021-04-04 06:26:44', 'cat', 5, 5, 5, 10, 'Village 2'),
('52276db0-846e-4932-836a-ae5be8334019', '2021-07-24 04:01:19', 'pig', 3, 2, 2, 4, 'Village 2'),
('80425694-2a1c-4bbd-8651-9defaf71a657', '2021-09-26 10:09:39', 'buffalo', 4, 3, 3, 8, 'Village 1'),
('286ddea2-6a3e-4f33-983c-60264e43a0e1', '2021-05-04 12:06:14', 'buffalo', 3, 8, 8, 4, 'Health Centre B'),
('e0356fe6-2a29-424e-9fce-023056d72ef4', '2021-08-17 06:45:22', 'cat', 1, 4, 4, 6, 'Village 3'),
('ee896803-c458-4f28-b9a3-28283af521e7', '2021-10-03 05:22:07', 'dog', 1, 2, 2, 3, 'Village 3'),
('f871430a-2879-4866-8149-821efb9fe75d', '2021-04-24 08:02:16', 'buffalo', 1, 5, 5, 2, 'Village 1'),
('823f54f0-9a01-4e66-addb-0b51754b1387', '2021-09-03 04:03:15', 'sheep', 5, 7, 7, 9, 'Village 3'),
('d673f29e-a9b7-4837-bbee-4ffe4a43f079', '2021-04-25 04:37:29', 'chicken', 1, 5, 5, 2, 'Village 2'),
('eab7ccb9-c906-4bd0-bd1c-eeba5e4ac1c2', '2021-05-01 12:06:13', 'sheep', 5, 3, 3, 6, 'Village 1'),
('5d4001d1-2019-4db8-84ea-c61849843005', '2021-04-18 07:17:51', 'cat', 6, 0, 0, 10, 'Village 1'),
('be62167c-991a-4506-9058-be5d53cb584f', '2021-12-27 12:39:25', 'dog', 3, 5, 5, 5, 'Health Centre A'),
('3b2d08b6-d521-43ba-aead-7e0eb5778b25', '2022-02-10 09:39:21', 'cat', 2, 4, 4, 5, 'Health Centre A'),
('544c51ee-87b5-4132-985f-ebc82efa3113', '2021-12-02 08:34:30', 'pig', 1, 1, 1, 5, 'Health Centre A'),
('40114f62-27fd-4b24-b752-8ceaf4979280', '2021-05-15 11:29:11', 'pig', 6, 9, 9, 10, 'Village 2'),
('07860325-eb28-4705-8297-02c0cae02869', '2021-10-14 08:10:41', 'cat', 1, 3, 3, 6, 'Village 3'),
('7acef455-9c99-4a2f-b6fa-db155561f446', '2021-11-20 04:42:38', 'sheep', 2, 3, 3, 4, 'Village 1'),
('92f7af30-945c-4722-8d5d-6b4a5714f027', '2021-11-04 08:20:18', 'pig', 3, 9, 9, 7, 'Village 1'),
('b1733953-eb71-4650-bd45-62166828369a', '2021-05-22 03:15:00', 'dog', 4, 0, 0, 7, 'Village 3'),
('7f6b8185-e397-47be-905f-665d96e610a6', '2022-02-01 10:55:16', 'cat', 6, 9, 9, 6, 'Health Centre B'),
('d370a1ed-34b6-4467-9d59-9f80c99e773f', '2021-11-01 09:00:07', 'chicken', 6, 1, 1, 11, 'Health Centre A'),
('13d25507-7d52-4398-bbc4-7ba4d15f0099', '2021-04-09 11:21:28', 'buffalo', 2, 1, 1, 7, 'Village 1'),
('3b7e2d84-570d-460e-b7c6-8b64a8bcbf22', '2021-06-24 07:37:11', 'sheep', 6, 9, 9, 6, 'Village 3'),
('a07a844e-b7da-4e6b-beb3-42dbda9c89cd', '2021-12-09 03:22:18', 'chicken', 1, 7, 7, 1, 'Health Centre B'),
('b7172f6b-ed21-4257-b695-4699e055dfc4', '2021-08-16 10:30:29', 'sheep', 4, 5, 5, 9, 'Village 3'),
('f4c249db-8ad3-4973-8e2f-3571bda86676', '2021-12-16 03:28:28', 'cat', 4, 2, 2, 8, 'Village 1'),
('14e97cbc-1ac2-404f-b1b4-ded0ea51e5e6', '2021-04-17 10:29:17', 'cat', 6, 7, 7, 11, 'Health Centre A'),
('2d72a1dd-de11-4403-8b49-8bb379a80ab5', '2021-05-06 10:49:58', 'pig', 5, 2, 2, 8, 'Village 3'),
('04cb2a9e-5820-4087-9aab-509e316de59e', '2021-04-10 12:12:06', 'sheep', 1, 8, 8, 3, 'Village 3'),
('b46a6d93-c8e1-438b-ac72-1fd560e00d41', '2022-01-30 05:12:14', 'dog', 6, 8, 8, 6, 'Health Centre A'),
('6ec612a3-92b6-4f2e-8ec3-d87c802de2cb', '2022-01-13 09:35:08', 'dog', 5, 3, 3, 6, 'Village 1'),
('aeda73cd-296a-4436-a817-432e86d53d62', '2021-05-11 06:20:49', 'dog', 2, 1, 1, 3, 'Village 2'),
('cb7e6555-82a1-469a-b0f9-de33fc6a361a', '2021-06-07 11:38:02', 'pig', 1, 7, 7, 4, 'Village 3'),
('a7cdbe64-8532-4712-b826-56b18c15b2cf', '2021-08-13 06:00:54', 'dog', 3, 2, 2, 4, 'Health Centre A'),
('9cc78969-0c5c-42a0-9a21-31bf536ec16d', '2021-12-08 10:29:16', 'buffalo', 4, 2, 2, 5, 'Village 1'),
('37c8fcfc-6b7b-4d3d-8623-6a366faeb60c', '2021-11-03 05:33:21', 'cat', 5, 1, 1, 8, 'Health Centre B');

-- --------------------------------------------------------

--
-- Table structure for table `ci_sessions`
--

CREATE TABLE `ci_sessions` (
  `id` varchar(40) COLLATE utf8_unicode_ci NOT NULL,
  `ip_address` varchar(45) COLLATE utf8_unicode_ci NOT NULL,
  `timestamp` int(10) UNSIGNED NOT NULL DEFAULT 0,
  `data` blob NOT NULL
) ENGINE=InnoDB DEFAULT CHARSET=utf8 COLLATE=utf8_unicode_ci;

--
-- Dumping data for table `ci_sessions`
--

INSERT INTO `ci_sessions` (`id`, `ip_address`, `timestamp`, `data`) VALUES
('ske6rvb2g2r36kg8tpljk9d8jfspjnbo', '::1', 1659205020, 0x5f5f63695f6c6173745f726567656e65726174657c693a313635393230353032303b),
('o6q1r21vgnghmgavi8ahem006h6kjpqo', '::1', 1659205610, 0x5f5f63695f6c6173745f726567656e65726174657c693a313635393230353631303b757365725f6c6f67696e7c733a313a2231223b757365725f69647c733a313a2231223b6c6f67696e5f757365725f69647c733a313a2231223b6e616d657c733a31323a22416264756c204d616e6e616e223b6c6f67696e5f747970657c733a353a2261646d696e223b),
('bovq0rcmqtk4h7j33vmgllace9l588lc', '::1', 1659205912, 0x5f5f63695f6c6173745f726567656e65726174657c693a313635393230353931323b757365725f6c6f67696e7c733a313a2231223b757365725f69647c733a313a2231223b6c6f67696e5f757365725f69647c733a313a2231223b6e616d657c733a31323a22416264756c204d616e6e616e223b6c6f67696e5f747970657c733a373a2273747564656e74223b),
('1rd4kk1t19llo0mdton25ms77t5kd7k5', '::1', 1659206221, 0x5f5f63695f6c6173745f726567656e65726174657c693a313635393230363232313b757365725f6c6f67696e7c733a313a2231223b757365725f69647c733a313a2231223b6c6f67696e5f757365725f69647c733a313a2231223b6e616d657c733a31323a22416264756c204d616e6e616e223b6c6f67696e5f747970657c733a373a2273747564656e74223b),
('19fjbes0p8cqnrrnqctusk15npsl7i7m', '::1', 1659206606, 0x5f5f63695f6c6173745f726567656e65726174657c693a313635393230363630363b757365725f6c6f67696e7c733a313a2231223b757365725f69647c733a313a2231223b6c6f67696e5f757365725f69647c733a313a2231223b6e616d657c733a31323a22416264756c204d616e6e616e223b6c6f67696e5f747970657c733a373a2273747564656e74223b),
('u4p79vom5dr64vs1433dfnhi6ogg7i28', '::1', 1659207159, 0x5f5f63695f6c6173745f726567656e65726174657c693a313635393230373135393b757365725f6c6f67696e7c733a313a2231223b757365725f69647c733a313a2231223b6c6f67696e5f757365725f69647c733a313a2231223b6e616d657c733a31323a22416264756c204d616e6e616e223b6c6f67696e5f747970657c733a373a2273747564656e74223b),
('jkc17ejr2khg0hsmntdl1pn1rrlju5s1', '::1', 1659207460, 0x5f5f63695f6c6173745f726567656e65726174657c693a313635393230373436303b757365725f6c6f67696e7c733a313a2231223b757365725f69647c733a313a2231223b6c6f67696e5f757365725f69647c733a313a2231223b6e616d657c733a31323a22416264756c204d616e6e616e223b6c6f67696e5f747970657c733a373a2273747564656e74223b),
('gl7ihu3h8qp3de6gaei6gu6au0maqe1p', '::1', 1659207954, 0x5f5f63695f6c6173745f726567656e65726174657c693a313635393230373935343b757365725f6c6f67696e7c733a313a2231223b757365725f69647c733a313a2231223b6c6f67696e5f757365725f69647c733a313a2231223b6e616d657c733a31323a22416264756c204d616e6e616e223b6c6f67696e5f747970657c733a373a2273747564656e74223b),
('ru25tabib1oji046a0e3epfo99q826nv', '::1', 1659208141, 0x5f5f63695f6c6173745f726567656e65726174657c693a313635393230373935343b757365725f6c6f67696e7c733a313a2231223b757365725f69647c733a313a2231223b6c6f67696e5f757365725f69647c733a313a2231223b6e616d657c733a31323a22416264756c204d616e6e616e223b6c6f67696e5f747970657c733a373a2273747564656e74223b),
('9ard1nfd0qqvpd1afped51p6n5dk5fve', '::1', 1659232203, 0x5f5f63695f6c6173745f726567656e65726174657c693a313635393233323230333b757365725f6c6f67696e7c733a313a2231223b757365725f69647c733a313a2231223b6c6f67696e5f757365725f69647c733a313a2231223b6e616d657c733a31323a22416264756c204d616e6e616e223b6c6f67696e5f747970657c733a373a2273747564656e74223b),
('ffverq2arsm80jj3da7tdc7eudggdqmh', '::1', 1659232584, 0x5f5f63695f6c6173745f726567656e65726174657c693a313635393233323538343b757365725f6c6f67696e7c733a313a2231223b757365725f69647c733a313a2231223b6c6f67696e5f757365725f69647c733a313a2231223b6e616d657c733a31323a22416264756c204d616e6e616e223b6c6f67696e5f747970657c733a373a2273747564656e74223b),
('5vn606v5r1lomaii84oqr8cq874qdood', '::1', 1659233083, 0x5f5f63695f6c6173745f726567656e65726174657c693a313635393233333038333b757365725f6c6f67696e7c733a313a2231223b757365725f69647c733a313a2231223b6c6f67696e5f757365725f69647c733a313a2231223b6e616d657c733a31323a22416264756c204d616e6e616e223b6c6f67696e5f747970657c733a373a2273747564656e74223b),
('rvs29ufuulafh6nnnn7o4fovb0rtf7qk', '::1', 1659233443, 0x5f5f63695f6c6173745f726567656e65726174657c693a313635393233333434333b757365725f6c6f67696e7c733a313a2231223b757365725f69647c733a313a2231223b6c6f67696e5f757365725f69647c733a313a2231223b6e616d657c733a31323a22416264756c204d616e6e616e223b6c6f67696e5f747970657c733a373a2273747564656e74223b),
('5ovuag10a52p9p5ri7g3n47jgiuds88q', '::1', 1659233887, 0x5f5f63695f6c6173745f726567656e65726174657c693a313635393233333838373b757365725f6c6f67696e7c733a313a2231223b757365725f69647c733a313a2231223b6c6f67696e5f757365725f69647c733a313a2231223b6e616d657c733a31323a22416264756c204d616e6e616e223b6c6f67696e5f747970657c733a373a2273747564656e74223b),
('u6q8vbdpfjj5g1ulc8s0dvspja8kgh8p', '::1', 1659234224, 0x5f5f63695f6c6173745f726567656e65726174657c693a313635393233343232343b757365725f6c6f67696e7c733a313a2231223b757365725f69647c733a313a2231223b6c6f67696e5f757365725f69647c733a313a2231223b6e616d657c733a31323a22416264756c204d616e6e616e223b6c6f67696e5f747970657c733a373a2273747564656e74223b),
('2kohphv731k5f0r1m0bul6a3grgu49rl', '::1', 1659234583, 0x5f5f63695f6c6173745f726567656e65726174657c693a313635393233343538333b757365725f6c6f67696e7c733a313a2231223b757365725f69647c733a313a2231223b6c6f67696e5f757365725f69647c733a313a2231223b6e616d657c733a31323a22416264756c204d616e6e616e223b6c6f67696e5f747970657c733a373a2273747564656e74223b),
('cj9iu8guvffk2rh2lhlo115rcr7v5vpc', '::1', 1659234896, 0x5f5f63695f6c6173745f726567656e65726174657c693a313635393233343839363b757365725f6c6f67696e7c733a313a2231223b757365725f69647c733a313a2231223b6c6f67696e5f757365725f69647c733a313a2231223b6e616d657c733a31323a22416264756c204d616e6e616e223b6c6f67696e5f747970657c733a373a2273747564656e74223b),
('uidoshj9alj6oi4h5qluavn809473mun', '::1', 1659235226, 0x5f5f63695f6c6173745f726567656e65726174657c693a313635393233353232363b757365725f6c6f67696e7c733a313a2231223b757365725f69647c733a313a2231223b6c6f67696e5f757365725f69647c733a313a2231223b6e616d657c733a31323a22416264756c204d616e6e616e223b6c6f67696e5f747970657c733a373a2273747564656e74223b),
('e1e8700vm280tnh5488s2gev55b9pjob', '::1', 1659237213, 0x5f5f63695f6c6173745f726567656e65726174657c693a313635393233373231333b757365725f6c6f67696e7c733a313a2231223b757365725f69647c733a313a2231223b6c6f67696e5f757365725f69647c733a313a2231223b6e616d657c733a31323a22416264756c204d616e6e616e223b6c6f67696e5f747970657c733a373a2273747564656e74223b),
('a4tkpaioekleukdmao9adv6td1obvisb', '::1', 1659237588, 0x5f5f63695f6c6173745f726567656e65726174657c693a313635393233373538383b757365725f6c6f67696e7c733a313a2231223b757365725f69647c733a313a2231223b6c6f67696e5f757365725f69647c733a313a2231223b6e616d657c733a31323a22416264756c204d616e6e616e223b6c6f67696e5f747970657c733a373a2273747564656e74223b),
('p8i7p15336rfmo1sp8irsccid8p8nj5l', '::1', 1659237969, 0x5f5f63695f6c6173745f726567656e65726174657c693a313635393233373936393b757365725f6c6f67696e7c733a313a2231223b757365725f69647c733a313a2231223b6c6f67696e5f757365725f69647c733a313a2231223b6e616d657c733a31323a22416264756c204d616e6e616e223b6c6f67696e5f747970657c733a373a2273747564656e74223b),
('n9vonjad23q4p4alpr3een7g2vo7vf4i', '::1', 1659238024, 0x5f5f63695f6c6173745f726567656e65726174657c693a313635393233373936393b757365725f6c6f67696e7c733a313a2231223b757365725f69647c733a313a2231223b6c6f67696e5f757365725f69647c733a313a2231223b6e616d657c733a31323a22416264756c204d616e6e616e223b6c6f67696e5f747970657c733a373a2273747564656e74223b),
('q62bdan8gv1d8pn9p3ob626r4tvdgql8', '::1', 1659277253, 0x5f5f63695f6c6173745f726567656e65726174657c693a313635393237373235333b757365725f6c6f67696e7c733a313a2231223b757365725f69647c733a313a2231223b6c6f67696e5f757365725f69647c733a313a2231223b6e616d657c733a31323a22416264756c204d616e6e616e223b6c6f67696e5f747970657c733a373a2273747564656e74223b),
('b1ev6382da34iujj7d3kahsf33j9etbt', '::1', 1659277767, 0x5f5f63695f6c6173745f726567656e65726174657c693a313635393237373736373b757365725f6c6f67696e7c733a313a2231223b757365725f69647c733a313a2231223b6c6f67696e5f757365725f69647c733a313a2231223b6e616d657c733a31323a22416264756c204d616e6e616e223b6c6f67696e5f747970657c733a373a2273747564656e74223b),
('cvjni6j5o5uabbsu43s29siu7r1k4f8a', '::1', 1659279322, 0x5f5f63695f6c6173745f726567656e65726174657c693a313635393237393332323b757365725f6c6f67696e7c733a313a2231223b757365725f69647c733a313a2231223b6c6f67696e5f757365725f69647c733a313a2231223b6e616d657c733a31323a22416264756c204d616e6e616e223b6c6f67696e5f747970657c733a373a2273747564656e74223b),
('bjuhg2q3h1n0v3mubpb67ra8p7t8kk45', '::1', 1659278432, 0x5f5f63695f6c6173745f726567656e65726174657c693a313635393237383433323b757365725f6c6f67696e7c733a313a2231223b757365725f69647c733a313a2231223b6c6f67696e5f757365725f69647c733a313a2231223b6e616d657c733a31323a22416264756c204d616e6e616e223b6c6f67696e5f747970657c733a373a2273747564656e74223b),
('d0j7770trs3b4p82bsm0511fjtpoai90', '::1', 1659281853, 0x5f5f63695f6c6173745f726567656e65726174657c693a313635393238313835333b757365725f6c6f67696e7c733a313a2231223b757365725f69647c733a313a2231223b6c6f67696e5f757365725f69647c733a313a2231223b6e616d657c733a31323a22416264756c204d616e6e616e223b6c6f67696e5f747970657c733a373a2273747564656e74223b),
('jomu7mrv58k19c2dsqhf3vmmr8uqk8ip', '::1', 1659282223, 0x5f5f63695f6c6173745f726567656e65726174657c693a313635393238323232333b757365725f6c6f67696e7c733a313a2231223b757365725f69647c733a313a2231223b6c6f67696e5f757365725f69647c733a313a2231223b6e616d657c733a31323a22416264756c204d616e6e616e223b6c6f67696e5f747970657c733a373a2273747564656e74223b),
('sn49hi7n7urpr949rg6so364dtm9r205', '::1', 1659282577, 0x5f5f63695f6c6173745f726567656e65726174657c693a313635393238323537373b757365725f6c6f67696e7c733a313a2231223b757365725f69647c733a313a2231223b6c6f67696e5f757365725f69647c733a313a2231223b6e616d657c733a31323a22416264756c204d616e6e616e223b6c6f67696e5f747970657c733a373a2273747564656e74223b),
('1pc4roij023rl7fikpqsa4chl8vjdtp0', '::1', 1659283042, 0x5f5f63695f6c6173745f726567656e65726174657c693a313635393238333034323b757365725f6c6f67696e7c733a313a2231223b757365725f69647c733a313a2231223b6c6f67696e5f757365725f69647c733a313a2231223b6e616d657c733a31323a22416264756c204d616e6e616e223b6c6f67696e5f747970657c733a373a2273747564656e74223b),
('is1usqb1u0f9v1khitjcmkjgtq70pes5', '::1', 1659283380, 0x5f5f63695f6c6173745f726567656e65726174657c693a313635393238333338303b757365725f6c6f67696e7c733a313a2231223b757365725f69647c733a313a2231223b6c6f67696e5f757365725f69647c733a313a2231223b6e616d657c733a31323a22416264756c204d616e6e616e223b6c6f67696e5f747970657c733a373a2273747564656e74223b),
('bqej4tv9t2dh35foll24etki23io49pq', '::1', 1659283877, 0x5f5f63695f6c6173745f726567656e65726174657c693a313635393238333837373b757365725f6c6f67696e7c733a313a2231223b757365725f69647c733a313a2231223b6c6f67696e5f757365725f69647c733a313a2231223b6e616d657c733a31323a22416264756c204d616e6e616e223b6c6f67696e5f747970657c733a373a2273747564656e74223b),
('f6gv31flg2rhthcq6scrv06i76otqjon', '::1', 1659284443, 0x5f5f63695f6c6173745f726567656e65726174657c693a313635393238343434333b757365725f6c6f67696e7c733a313a2231223b757365725f69647c733a313a2231223b6c6f67696e5f757365725f69647c733a313a2231223b6e616d657c733a31323a22416264756c204d616e6e616e223b6c6f67696e5f747970657c733a373a2273747564656e74223b),
('8vfqfetd3auqapd8t4vr007edptnjhkj', '::1', 1659284771, 0x5f5f63695f6c6173745f726567656e65726174657c693a313635393238343737313b757365725f6c6f67696e7c733a313a2231223b757365725f69647c733a313a2231223b6c6f67696e5f757365725f69647c733a313a2231223b6e616d657c733a31323a22416264756c204d616e6e616e223b6c6f67696e5f747970657c733a373a2273747564656e74223b),
('gblp6mq5n42hmc7mfnlda6p74fto94ke', '::1', 1659284815, 0x5f5f63695f6c6173745f726567656e65726174657c693a313635393238343737313b757365725f6c6f67696e7c733a313a2231223b757365725f69647c733a313a2231223b6c6f67696e5f757365725f69647c733a313a2231223b6e616d657c733a31323a22416264756c204d616e6e616e223b6c6f67696e5f747970657c733a373a2273747564656e74223b);

-- --------------------------------------------------------

--
-- Table structure for table `disease_list`
--

CREATE TABLE `disease_list` (
  `id` int(10) NOT NULL,
  `name` varchar(100) DEFAULT NULL
) ENGINE=InnoDB DEFAULT CHARSET=utf8mb4;

--
-- Dumping data for table `disease_list`
--

INSERT INTO `disease_list` (`id`, `name`) VALUES
(0, 'Babesiosis'),
(1, 'Brucellosis'),
(2, 'Ephemeral Fever'),
(3, 'Gangrene'),
(4, 'Infectious Coryza'),
(5, 'Necrotic Enteritis'),
(6, 'Worm Infestation'),
(7, 'Tetanus'),
(8, 'Tape Worm'),
(9, 'Mycoplasmosis');

-- --------------------------------------------------------

--
-- Table structure for table `language`
--

CREATE TABLE `language` (
  `phrase_id` int(11) NOT NULL,
  `phrase` longtext COLLATE utf8_unicode_ci NOT NULL,
  `english` longtext COLLATE utf8_unicode_ci NOT NULL,
  `bengali` longtext COLLATE utf8_unicode_ci NOT NULL,
  `spanish` longtext COLLATE utf8_unicode_ci NOT NULL,
  `arabic` longtext COLLATE utf8_unicode_ci NOT NULL,
  `dutch` longtext COLLATE utf8_unicode_ci NOT NULL,
  `russian` longtext COLLATE utf8_unicode_ci NOT NULL,
  `chinese` longtext COLLATE utf8_unicode_ci NOT NULL,
  `turkish` longtext COLLATE utf8_unicode_ci NOT NULL,
  `portuguese` longtext COLLATE utf8_unicode_ci NOT NULL,
  `hungarian` longtext COLLATE utf8_unicode_ci NOT NULL,
  `french` longtext COLLATE utf8_unicode_ci NOT NULL,
  `greek` longtext COLLATE utf8_unicode_ci NOT NULL,
  `german` longtext COLLATE utf8_unicode_ci NOT NULL,
  `italian` longtext COLLATE utf8_unicode_ci NOT NULL,
  `thai` longtext COLLATE utf8_unicode_ci NOT NULL,
  `urdu` longtext COLLATE utf8_unicode_ci NOT NULL,
  `hindi` longtext COLLATE utf8_unicode_ci NOT NULL,
  `latin` longtext COLLATE utf8_unicode_ci NOT NULL,
  `indonesian` longtext COLLATE utf8_unicode_ci NOT NULL,
  `japanese` longtext COLLATE utf8_unicode_ci NOT NULL,
  `korean` longtext COLLATE utf8_unicode_ci NOT NULL
) ENGINE=MyISAM DEFAULT CHARSET=utf8 COLLATE=utf8_unicode_ci;

--
-- Dumping data for table `language`
--

INSERT INTO `language` (`phrase_id`, `phrase`, `english`, `bengali`, `spanish`, `arabic`, `dutch`, `russian`, `chinese`, `turkish`, `portuguese`, `hungarian`, `french`, `greek`, `german`, `italian`, `thai`, `urdu`, `hindi`, `latin`, `indonesian`, `japanese`, `korean`) VALUES
(0, 'login', '', '', '', '', '', '', '', '', '', '', '', '', '', '', '', '', '', '', '', '', ''),
(0, 'student_dashboard', '', '', '', '', '', '', '', '', '', '', '', '', '', '', '', '', '', '', '', '', ''),
(0, 'dashboard', '', '', '', '', '', '', '', '', '', '', '', '', '', '', '', '', '', '', '', '', ''),
(0, 'lesson_plan', '', '', '', '', '', '', '', '', '', '', '', '', '', '', '', '', '', '', '', '', ''),
(0, 'library', '', '', '', '', '', '', '', '', '', '', '', '', '', '', '', '', '', '', '', '', ''),
(0, 'noticeboard', '', '', '', '', '', '', '', '', '', '', '', '', '', '', '', '', '', '', '', '', ''),
(0, 'account', '', '', '', '', '', '', '', '', '', '', '', '', '', '', '', '', '', '', '', '', ''),
(0, 'edit_profile', '', '', '', '', '', '', '', '', '', '', '', '', '', '', '', '', '', '', '', '', ''),
(0, 'change_password', '', '', '', '', '', '', '', '', '', '', '', '', '', '', '', '', '', '', '', '', ''),
(0, 'event_schedule', '', '', '', '', '', '', '', '', '', '', '', '', '', '', '', '', '', '', '', '', ''),
(0, 'student', '', '', '', '', '', '', '', '', '', '', '', '', '', '', '', '', '', '', '', '', ''),
(0, 'teacher', '', '', '', '', '', '', '', '', '', '', '', '', '', '', '', '', '', '', '', '', ''),
(0, 'parent', '', '', '', '', '', '', '', '', '', '', '', '', '', '', '', '', '', '', '', '', ''),
(0, 'attendance', '', '', '', '', '', '', '', '', '', '', '', '', '', '', '', '', '', '', '', '', ''),
(0, 'sl_', '', '', '', '', '', '', '', '', '', '', '', '', '', '', '', '', '', '', '', '', ''),
(0, 'candidate_coach', '', '', '', '', '', '', '', '', '', '', '', '', '', '', '', '', '', '', '', '', ''),
(0, 'date_produced', '', '', '', '', '', '', '', '', '', '', '', '', '', '', '', '', '', '', '', '', ''),
(0, 'couch_educator', '', '', '', '', '', '', '', '', '', '', '', '', '', '', '', '', '', '', '', '', ''),
(0, 'location_', '', '', '', '', '', '', '', '', '', '', '', '', '', '', '', '', '', '', '', '', ''),
(0, 'session_aim', '', '', '', '', '', '', '', '', '', '', '', '', '', '', '', '', '', '', '', '', ''),
(0, 'session_title', '', '', '', '', '', '', '', '', '', '', '', '', '', '', '', '', '', '', '', '', ''),
(0, 'options', '', '', '', '', '', '', '', '', '', '', '', '', '', '', '', '', '', '', '', '', ''),
(0, 'manage_profile', '', '', '', '', '', '', '', '', '', '', '', '', '', '', '', '', '', '', '', '', ''),
(0, 'name', '', '', '', '', '', '', '', '', '', '', '', '', '', '', '', '', '', '', '', '', ''),
(0, 'email', '', '', '', '', '', '', '', '', '', '', '', '', '', '', '', '', '', '', '', '', ''),
(0, 'photo', '', '', '', '', '', '', '', '', '', '', '', '', '', '', '', '', '', '', '', '', ''),
(0, 'update_profile', '', '', '', '', '', '', '', '', '', '', '', '', '', '', '', '', '', '', '', '', ''),
(0, 'current_password', '', '', '', '', '', '', '', '', '', '', '', '', '', '', '', '', '', '', '', '', ''),
(0, 'new_password', '', '', '', '', '', '', '', '', '', '', '', '', '', '', '', '', '', '', '', '', ''),
(0, 'confirm_new_password', '', '', '', '', '', '', '', '', '', '', '', '', '', '', '', '', '', '', '', '', ''),
(0, 'delete', '', '', '', '', '', '', '', '', '', '', '', '', '', '', '', '', '', '', '', '', ''),
(0, 'cancel', '', '', '', '', '', '', '', '', '', '', '', '', '', '', '', '', '', '', '', '', ''),
(0, 'manage_library_books', '', '', '', '', '', '', '', '', '', '', '', '', '', '', '', '', '', '', '', '', ''),
(0, 'book_list', '', '', '', '', '', '', '', '', '', '', '', '', '', '', '', '', '', '', '', '', ''),
(0, 'book_name', '', '', '', '', '', '', '', '', '', '', '', '', '', '', '', '', '', '', '', '', ''),
(0, 'author', '', '', '', '', '', '', '', '', '', '', '', '', '', '', '', '', '', '', '', '', ''),
(0, 'description', '', '', '', '', '', '', '', '', '', '', '', '', '', '', '', '', '', '', '', '', ''),
(0, 'price', '', '', '', '', '', '', '', '', '', '', '', '', '', '', '', '', '', '', '', '', ''),
(0, 'class', '', '', '', '', '', '', '', '', '', '', '', '', '', '', '', '', '', '', '', '', ''),
(0, 'status', '', '', '', '', '', '', '', '', '', '', '', '', '', '', '', '', '', '', '', '', ''),
(0, 'noticeboard_list', '', '', '', '', '', '', '', '', '', '', '', '', '', '', '', '', '', '', '', '', ''),
(0, 'title', '', '', '', '', '', '', '', '', '', '', '', '', '', '', '', '', '', '', '', '', ''),
(0, 'notice', '', '', '', '', '', '', '', '', '', '', '', '', '', '', '', '', '', '', '', '', ''),
(0, 'date', '', '', '', '', '', '', '', '', '', '', '', '', '', '', '', '', '', '', '', '', ''),
(0, 'account_updated', '', '', '', '', '', '', '', '', '', '', '', '', '', '', '', '', '', '', '', '', ''),
(0, 'lesson_feedback', '', '', '', '', '', '', '', '', '', '', '', '', '', '', '', '', '', '', '', '', ''),
(0, 'add_feedback', '', '', '', '', '', '', '', '', '', '', '', '', '', '', '', '', '', '', '', '', ''),
(0, 'feedback', '', '', '', '', '', '', '', '', '', '', '', '', '', '', '', '', '', '', '', '', ''),
(0, 'date_', '', '', '', '', '', '', '', '', '', '', '', '', '', '', '', '', '', '', '', '', ''),
(0, 'manage_library_media', '', '', '', '', '', '', '', '', '', '', '', '', '', '', '', '', '', '', '', '', ''),
(0, 'media_list', '', '', '', '', '', '', '', '', '', '', '', '', '', '', '', '', '', '', '', '', ''),
(0, 'title_', '', '', '', '', '', '', '', '', '', '', '', '', '', '', '', '', '', '', '', '', ''),
(0, 'media_', '', '', '', '', '', '', '', '', '', '', '', '', '', '', '', '', '', '', '', '', ''),
(0, 'password_mismatch', '', '', '', '', '', '', '', '', '', '', '', '', '', '', '', '', '', '', '', '', ''),
(0, 'student_marksheet', '', '', '', '', '', '', '', '', '', '', '', '', '', '', '', '', '', '', '', '', ''),
(0, 'students', '', '', '', '', '', '', '', '', '', '', '', '', '', '', '', '', '', '', '', '', ''),
(0, 'roll', '', '', '', '', '', '', '', '', '', '', '', '', '', '', '', '', '', '', '', '', ''),
(0, 'view_marksheet', '', '', '', '', '', '', '', '', '', '', '', '', '', '', '', '', '', '', '', '', ''),
(0, 'library2', '', '', '', '', '', '', '', '', '', '', '', '', '', '', '', '', '', '', '', '', ''),
(0, 'last_due_date', '', '', '', '', '', '', '', '', '', '', '', '', '', '', '', '', '', '', '', '', ''),
(0, 'due_status', '', '', '', '', '', '', '', '', '', '', '', '', '', '', '', '', '', '', '', '', ''),
(0, 'news', '', '', '', '', '', '', '', '', '', '', '', '', '', '', '', '', '', '', '', '', ''),
(0, 'draft_amount', '', '', '', '', '', '', '', '', '', '', '', '', '', '', '', '', '', '', '', '', ''),
(0, 'news_list', '', '', '', '', '', '', '', '', '', '', '', '', '', '', '', '', '', '', '', '', ''),
(0, 'session', '', '', '', '', '', '', '', '', '', '', '', '', '', '', '', '', '', '', '', '', ''),
(0, 'performance_report', '', '', '', '', '', '', '', '', '', '', '', '', '', '', '', '', '', '', '', '', ''),
(0, 'sl#', '', '', '', '', '', '', '', '', '', '', '', '', '', '', '', '', '', '', '', '', ''),
(0, 'view_report', '', '', '', '', '', '', '', '', '', '', '', '', '', '', '', '', '', '', '', '', ''),
(0, 'snap_shot', '', '', '', '', '', '', '', '', '', '', '', '', '', '', '', '', '', '', '', '', ''),
(0, 'message', '', '', '', '', '', '', '', '', '', '', '', '', '', '', '', '', '', '', '', '', ''),
(0, 'tournament', '', '', '', '', '', '', '', '', '', '', '', '', '', '', '', '', '', '', '', '', ''),
(0, 'training_schedule', '', '', '', '', '', '', '', '', '', '', '', '', '', '', '', '', '', '', '', '', ''),
(0, 'manage_training_schedule', '', '', '', '', '', '', '', '', '', '', '', '', '', '', '', '', '', '', '', '', ''),
(0, 'schedule_', '', '', '', '', '', '', '', '', '', '', '', '', '', '', '', '', '', '', '', '', ''),
(0, 'media_library', '', '', '', '', '', '', '', '', '', '', '', '', '', '', '', '', '', '', '', '', ''),
(0, 'reset_password', '', '', '', '', '', '', '', '', '', '', '', '', '', '', '', '', '', '', '', '', ''),
(0, 'return_to_login_page', '', '', '', '', '', '', '', '', '', '', '', '', '', '', '', '', '', '', '', '', ''),
(0, 'lesson', '', '', '', '', '', '', '', '', '', '', '', '', '', '', '', '', '', '', '', '', ''),
(0, 'reports_', '', '', '', '', '', '', '', '', '', '', '', '', '', '', '', '', '', '', '', '', ''),
(0, 'video', '', '', '', '', '', '', '', '', '', '', '', '', '', '', '', '', '', '', '', '', ''),
(0, 'image', '', '', '', '', '', '', '', '', '', '', '', '', '', '', '', '', '', '', '', '', ''),
(0, 'sfa_location', '', '', '', '', '', '', '', '', '', '', '', '', '', '', '', '', '', '', '', '', ''),
(0, 'creation_date', '', '', '', '', '', '', '', '', '', '', '', '', '', '', '', '', '', '', '', '', ''),
(0, 'due_date', '', '', '', '', '', '', '', '', '', '', '', '', '', '', '', '', '', '', '', '', ''),
(0, 'description_', '', '', '', '', '', '', '', '', '', '', '', '', '', '', '', '', '', '', '', '', ''),
(0, 'status_', '', '', '', '', '', '', '', '', '', '', '', '', '', '', '', '', '', '', '', '', ''),
(0, 'payment_to', '', '', '', '', '', '', '', '', '', '', '', '', '', '', '', '', '', '', '', '', ''),
(0, 'total_amount', '', '', '', '', '', '', '', '', '', '', '', '', '', '', '', '', '', '', '', '', ''),
(0, 'paid_amount', '', '', '', '', '', '', '', '', '', '', '', '', '', '', '', '', '', '', '', '', ''),
(0, 'payment_history', '', '', '', '', '', '', '', '', '', '', '', '', '', '', '', '', '', '', '', '', ''),
(0, 'qty_', '', '', '', '', '', '', '', '', '', '', '', '', '', '', '', '', '', '', '', '', ''),
(0, 'price_', '', '', '', '', '', '', '', '', '', '', '', '', '', '', '', '', '', '', '', '', ''),
(0, 'discount_', '', '', '', '', '', '', '', '', '', '', '', '', '', '', '', '', '', '', '', '', ''),
(0, 'due', '', '', '', '', '', '', '', '', '', '', '', '', '', '', '', '', '', '', '', '', ''),
(0, 'photo_id', '', '', '', '', '', '', '', '', '', '', '', '', '', '', '', '', '', '', '', '', ''),
(0, 'view_due_status', '', '', '', '', '', '', '', '', '', '', '', '', '', '', '', '', '', '', '', '', ''),
(0, 'view_draft_amount', '', '', '', '', '', '', '', '', '', '', '', '', '', '', '', '', '', '', '', '', ''),
(0, 'photo_id_uploaded_successfully', '', '', '', '', '', '', '', '', '', '', '', '', '', '', '', '', '', '', '', '', ''),
(0, 'online_payment', '', '', '', '', '', '', '', '', '', '', '', '', '', '', '', '', '', '', '', '', ''),
(0, 'terms_conditions', '', '', '', '', '', '', '', '', '', '', '', '', '', '', '', '', '', '', '', '', ''),
(0, 'privacy_policy', '', '', '', '', '', '', '', '', '', '', '', '', '', '', '', '', '', '', '', '', ''),
(0, 'reedem_points', '', '', '', '', '', '', '', '', '', '', '', '', '', '', '', '', '', '', '', '', ''),
(0, 'redeemed_points', '', '', '', '', '', '', '', '', '', '', '', '', '', '', '', '', '', '', '', '', ''),
(0, 'edit', '', '', '', '', '', '', '', '', '', '', '', '', '', '', '', '', '', '', '', '', ''),
(0, 'add_new_player', '', '', '', '', '', '', '', '', '', '', '', '', '', '', '', '', '', '', '', '', ''),
(0, 'player_name', '', '', '', '', '', '', '', '', '', '', '', '', '', '', '', '', '', '', '', '', ''),
(0, 'value_required', '', '', '', '', '', '', '', '', '', '', '', '', '', '', '', '', '', '', '', '', ''),
(0, 'birth_day', '', '', '', '', '', '', '', '', '', '', '', '', '', '', '', '', '', '', '', '', ''),
(0, 'data_added_successfully', '', '', '', '', '', '', '', '', '', '', '', '', '', '', '', '', '', '', '', '', ''),
(0, 'manage_booking_session', '', '', '', '', '', '', '', '', '', '', '', '', '', '', '', '', '', '', '', '', ''),
(0, 'booking_session', '', '', '', '', '', '', '', '', '', '', '', '', '', '', '', '', '', '', '', '', ''),
(0, 'booking_date', '', '', '', '', '', '', '', '', '', '', '', '', '', '', '', '', '', '', '', '', ''),
(0, 'update_tryout_student', '', '', '', '', '', '', '', '', '', '', '', '', '', '', '', '', '', '', '', '', ''),
(0, 'select', '', '', '', '', '', '', '', '', '', '', '', '', '', '', '', '', '', '', '', '', ''),
(0, 'update_student', '', '', '', '', '', '', '', '', '', '', '', '', '', '', '', '', '', '', '', '', ''),
(0, 'photo_media', '', '', '', '', '', '', '', '', '', '', '', '', '', '', '', '', '', '', '', '', ''),
(0, 'download_certificate', '', '', '', '', '', '', '', '', '', '', '', '', '', '', '', '', '', '', '', '', ''),
(0, 'update_coach_followup_report', '', '', '', '', '', '', '', '', '', '', '', '', '', '', '', '', '', '', '', '', ''),
(0, 'Event', '', '', '', '', '', '', '', '', '', '', '', '', '', '', '', '', '', '', '', '', ''),
(0, 'invited_event', '', '', '', '', '', '', '', '', '', '', '', '', '', '', '', '', '', '', '', '', ''),
(0, 'confirm_event_list', '', '', '', '', '', '', '', '', '', '', '', '', '', '', '', '', '', '', '', '', ''),
(0, 'show_fixture_list', '', '', '', '', '', '', '', '', '', '', '', '', '', '', '', '', '', '', '', '', ''),
(0, 'league', '', '', '', '', '', '', '', '', '', '', '', '', '', '', '', '', '', '', '', '', ''),
(0, 'invited_player_for_event', '', '', '', '', '', '', '', '', '', '', '', '', '', '', '', '', '', '', '', '', ''),
(0, 'event_name', '', '', '', '', '', '', '', '', '', '', '', '', '', '', '', '', '', '', '', '', ''),
(0, 'attend_status', '', '', '', '', '', '', '', '', '', '', '', '', '', '', '', '', '', '', '', '', ''),
(0, 'commits', '', '', '', '', '', '', '', '', '', '', '', '', '', '', '', '', '', '', '', '', ''),
(0, 'event_type', '', '', '', '', '', '', '', '', '', '', '', '', '', '', '', '', '', '', '', '', ''),
(0, 'team_no', '', '', '', '', '', '', '', '', '', '', '', '', '', '', '', '', '', '', '', '', ''),
(0, 'booking_time', '', '', '', '', '', '', '', '', '', '', '', '', '', '', '', '', '', '', '', '', ''),
(0, 'payment_status', '', '', '', '', '', '', '', '', '', '', '', '', '', '', '', '', '', '', '', '', ''),
(0, 'age_group', '', '', '', '', '', '', '', '', '', '', '', '', '', '', '', '', '', '', '', '', ''),
(0, 'note', '', '', '', '', '', '', '', '', '', '', '', '', '', '', '', '', '', '', '', '', ''),
(0, 'student_fixture', '', '', '', '', '', '', '', '', '', '', '', '', '', '', '', '', '', '', '', '', ''),
(0, 'detail', '', '', '', '', '', '', '', '', '', '', '', '', '', '', '', '', '', '', '', '', ''),
(0, 'time', '', '', '', '', '', '', '', '', '', '', '', '', '', '', '', '', '', '', '', '', ''),
(0, 'team_vr_team', '', '', '', '', '', '', '', '', '', '', '', '', '', '', '', '', '', '', '', '', ''),
(0, 'location', '', '', '', '', '', '', '', '', '', '', '', '', '', '', '', '', '', '', '', '', ''),
(0, 'view_extended_date_status', '', '', '', '', '', '', '', '', '', '', '', '', '', '', '', '', '', '', '', '', ''),
(0, 'view_note', '', '', '', '', '', '', '', '', '', '', '', '', '', '', '', '', '', '', '', '', ''),
(0, 'confirm', '', '', '', '', '', '', '', '', '', '', '', '', '', '', '', '', '', '', '', '', ''),
(0, 'confirm vvvv', '', '', '', '', '', '', '', '', '', '', '', '', '', '', '', '', '', '', '', '', ''),
(0, 'data_updated', '', '', '', '', '', '', '', '', '', '', '', '', '', '', '', '', '', '', '', '', ''),
(0, 'csv_file_upload', '', '', '', '', '', '', '', '', '', '', '', '', '', '', '', '', '', '', '', '', ''),
(0, 'file_upload', '', '', '', '', '', '', '', '', '', '', '', '', '', '', '', '', '', '', '', '', ''),
(0, 'student_bulk_add_form', '', '', '', '', '', '', '', '', '', '', '', '', '', '', '', '', '', '', '', '', ''),
(0, 'select_excel_file', '', '', '', '', '', '', '', '', '', '', '', '', '', '', '', '', '', '', '', '', ''),
(0, 'upload_and_import', '', '', '', '', '', '', '', '', '', '', '', '', '', '', '', '', '', '', '', '', ''),
(0, 'select_data_cases_1', '', '', '', '', '', '', '', '', '', '', '', '', '', '', '', '', '', '', '', '', ''),
(0, 'data_cases_1', '', '', '', '', '', '', '', '', '', '', '', '', '', '', '', '', '', '', '', '', ''),
(0, 'data_cases_2', '', '', '', '', '', '', '', '', '', '', '', '', '', '', '', '', '', '', '', '', ''),
(0, 'disease_list', '', '', '', '', '', '', '', '', '', '', '', '', '', '', '', '', '', '', '', '', ''),
(0, 'indicators_1_json', '', '', '', '', '', '', '', '', '', '', '', '', '', '', '', '', '', '', '', '', ''),
(0, 'indicators_advanced_1', '', '', '', '', '', '', '', '', '', '', '', '', '', '', '', '', '', '', '', '', '');

-- --------------------------------------------------------

--
-- Table structure for table `noticeboard`
--

CREATE TABLE `noticeboard` (
  `notice_id` int(11) NOT NULL,
  `notice_title` longtext COLLATE utf8_unicode_ci NOT NULL,
  `notice` longtext COLLATE utf8_unicode_ci NOT NULL,
  `create_timestamp` int(11) NOT NULL
) ENGINE=MyISAM DEFAULT CHARSET=utf8 COLLATE=utf8_unicode_ci;

-- --------------------------------------------------------

--
-- Table structure for table `settings`
--

CREATE TABLE `settings` (
  `settings_id` int(11) NOT NULL,
  `type` longtext CHARACTER SET utf8 COLLATE utf8_unicode_ci NOT NULL,
  `description` longtext CHARACTER SET utf8 COLLATE utf8_unicode_ci NOT NULL
) ENGINE=MyISAM DEFAULT CHARSET=latin1;

--
-- Dumping data for table `settings`
--

INSERT INTO `settings` (`settings_id`, `type`, `description`) VALUES
(1, 'system_name', 'FAO BD'),
(2, 'system_title', 'FAO BD'),
(3, 'address', 'United Arab Emirates'),
(4, 'phone', '0506337857'),
(5, 'paypal_email', 'info@starfootballacademy.com'),
(6, 'currency', 'TK'),
(7, 'system_email', 'info@starfootballacademy.com'),
(20, 'active_sms_service', 'disabled'),
(11, 'language', 'english'),
(12, 'text_align', 'left-to-right'),
(13, 'clickatell_user', ''),
(14, 'clickatell_password', ''),
(15, 'clickatell_api_id', ''),
(16, 'skin_colour', 'black'),
(17, 'twilio_account_sid', ''),
(18, 'twilio_auth_token', ''),
(19, 'twilio_sender_phone_number', '');

-- --------------------------------------------------------

--
-- Stand-in structure for view `total_number_deaths_disease`
-- (See below for the actual view)
--
CREATE TABLE `total_number_deaths_disease` (
`disease_id` int(10)
,`name` varchar(100)
,`SUM(ad.number_mortality)` decimal(32,0)
);

-- --------------------------------------------------------

--
-- Table structure for table `users`
--

CREATE TABLE `users` (
  `id` int(11) NOT NULL,
  `name` varchar(100) COLLATE utf8_unicode_ci NOT NULL,
  `email` varchar(100) COLLATE utf8_unicode_ci NOT NULL,
  `password` varchar(100) COLLATE utf8_unicode_ci NOT NULL
) ENGINE=InnoDB DEFAULT CHARSET=utf8 COLLATE=utf8_unicode_ci;

--
-- Dumping data for table `users`
--

INSERT INTO `users` (`id`, `name`, `email`, `password`) VALUES
(1, 'Abdul Mannan', 'mannan@gmail.com', 'e10adc3949ba59abbe56e057f20f883e');

-- --------------------------------------------------------

--
-- Structure for view `total_number_deaths_disease`
--
DROP TABLE IF EXISTS `total_number_deaths_disease`;

CREATE ALGORITHM=UNDEFINED DEFINER=`root`@`localhost` SQL SECURITY DEFINER VIEW `total_number_deaths_disease`  AS SELECT `ad`.`disease_id` AS `disease_id`, `dn`.`name` AS `name`, sum(`ad`.`number_mortality`) AS `SUM(ad.number_mortality)` FROM (`case_of_animal_diseases` `ad` left join `disease_list` `dn` on(`dn`.`id` = `ad`.`disease_id`)) GROUP BY `ad`.`disease_id`, `dn`.`name` ORDER BY `dn`.`name` ASC  ;

--
-- Indexes for dumped tables
--

--
-- Indexes for table `noticeboard`
--
ALTER TABLE `noticeboard`
  ADD PRIMARY KEY (`notice_id`);

--
-- Indexes for table `settings`
--
ALTER TABLE `settings`
  ADD PRIMARY KEY (`settings_id`);

--
-- Indexes for table `users`
--
ALTER TABLE `users`
  ADD PRIMARY KEY (`id`);

--
-- AUTO_INCREMENT for dumped tables
--

--
-- AUTO_INCREMENT for table `noticeboard`
--
ALTER TABLE `noticeboard`
  MODIFY `notice_id` int(11) NOT NULL AUTO_INCREMENT;

--
-- AUTO_INCREMENT for table `settings`
--
ALTER TABLE `settings`
  MODIFY `settings_id` int(11) NOT NULL AUTO_INCREMENT, AUTO_INCREMENT=21;

--
-- AUTO_INCREMENT for table `users`
--
ALTER TABLE `users`
  MODIFY `id` int(11) NOT NULL AUTO_INCREMENT, AUTO_INCREMENT=2;
COMMIT;

/*!40101 SET CHARACTER_SET_CLIENT=@OLD_CHARACTER_SET_CLIENT */;
/*!40101 SET CHARACTER_SET_RESULTS=@OLD_CHARACTER_SET_RESULTS */;
/*!40101 SET COLLATION_CONNECTION=@OLD_COLLATION_CONNECTION */;
